AOI,Date
Grenzmaander,2024-01-04
Grenzmaander,2024-01-08
RFR_Rheezermaten,2023-01-18
RFR_Rheezermaten,2023-02-09
RFR_Rheezermaten,2023-02-11
RFR_Rheezermaten,2023-02-14
RFR_Rheezermaten,2023-02-26
RFR_Rheezermaten,2023-03-05
RFR_Rheezermaten,2023-12-23
RFR_Rheezermaten,2024-01-01
RFR_Rheezermaten,2024-01-08
RFR_Rheezermaten,2024-01-20
RFR_Rheezermaten,2024-03-04
LumKarshoek-stegeren,2023-01-13
LumKarshoek-stegeren,2023-01-18
LumKarshoek-stegeren,2023-01-21
LumKarshoek-stegeren,2023-01-28
LumKarshoek-stegeren,2023-02-06
LumKarshoek-stegeren,2023-02-09
LumKarshoek-stegeren,2023-02-11
LumKarshoek-stegeren,2023-02-14
LumKarshoek-stegeren,2023-02-21
LumKarshoek-stegeren,2023-02-26
LumKarshoek-stegeren,2023-03-02
LumKarshoek-stegeren,2023-03-05
LumKarshoek-stegeren,2023-03-07
LumKarshoek-stegeren,2023-03-17
LumKarshoek-stegeren,2023-03-22
LumKarshoek-stegeren,2023-04-03
LumKarshoek-stegeren,2023-04-10
LumKarshoek-stegeren,2023-04-15
LumKarshoek-stegeren,2023-04-19
LumKarshoek-stegeren,2023-04-27
LumKarshoek-stegeren,2023-05-01
LumKarshoek-stegeren,2023-05-04
LumKarshoek-stegeren,2023-05-09
LumKarshoek-stegeren,2023-05-13
LumKarshoek-stegeren,2023-05-16
LumKarshoek-stegeren,2023-05-18
LumKarshoek-stegeren,2023-05-21
LumKarshoek-stegeren,2023-05-25
LumKarshoek-stegeren,2023-06-02
LumKarshoek-stegeren,2023-07-20
LumKarshoek-stegeren,2023-08-08
LumKarshoek-stegeren,2023-10-09
LumKarshoek-stegeren,2023-11-29
LumKarshoek-stegeren,2023-12-23
LumKarshoek-stegeren,2024-01-01
LumKarshoek-stegeren,2024-01-08
LumKarshoek-stegeren,2024-01-11
LumKarshoek-stegeren,2024-01-16
LumKarshoek-stegeren,2024-01-20
LumKarshoek-stegeren,2024-01-25
LumKarshoek-stegeren,2024-01-28
LumKarshoek-stegeren,2024-02-06
LumKarshoek-stegeren,2024-03-04
LumKarshoek-stegeren,2024-03-08
LumKarshoek-stegeren,2024-03-11
LumKarshoek-stegeren,2024-03-16
LumKarshoek-stegeren,2024-03-20
LumKarshoek-stegeren,2024-03-25
LumKarshoek-stegeren,2024-03-28
LumKarshoek-stegeren,2024-04-13
LumKarshoek-stegeren,2024-04-25
LumKarshoek-stegeren,2024-04-28
LumKarshoek-stegeren,2024-04-30
LumKarshoek-stegeren,2024-05-03
LumKarshoek-stegeren,2024-05-07
LumKarshoek-stegeren,2024-05-10
LumKarshoek-stegeren,2024-05-12
LumKarshoek-stegeren,2024-05-15
LumKarshoek-stegeren,2024-05-19
LumKarshoek-stegeren,2024-09-21
LumKarshoek-stegeren,2024-09-24
LumKarshoek-stegeren,2024-10-06
